fileName,source,license
reinebringen-hero.jpg,https://unsplash.com/photos/ouhfy7HchwA,Unsplash License
reinebringen-gallery-1.jpg,https://unsplash.com/photos/lkdQ5EwyHc4,Unsplash License
reinebringen-gallery-2.jpg,https://unsplash.com/photos/TWYFG9T5bpY,Unsplash License
reinebringen-gallery-3.jpg,https://unsplash.com/photos/zXNoSxEqX2A,Unsplash License
ryten-kvalvika-hero.jpg,https://unsplash.com/photos/6nGrWlxLaWo,Unsplash License
ryten-kvalvika-gallery-1.jpg,https://unsplash.com/photos/zMEHSJ0TtLA,Unsplash License
ryten-kvalvika-gallery-2.jpg,https://unsplash.com/photos/hlWwvdB5-Hk,Unsplash License
ryten-kvalvika-gallery-3.jpg,https://unsplash.com/photos/rU6zWfdeZxI,Unsplash License
festvagtind-hero.jpg,https://unsplash.com/photos/xpsgubqxs-E,Unsplash License
festvagtind-gallery-1.jpg,https://unsplash.com/photos/NMOJP6657xw,Unsplash License
festvagtind-gallery-2.jpg,https://unsplash.com/photos/HL8aGKlEeqs,Unsplash License
festvagtind-gallery-3.jpg,https://unsplash.com/photos/Vg_1TKg-vR0,Unsplash License
offersoykammen-hero.jpg,https://unsplash.com/photos/Eie-GtfRPG0,Unsplash License
offersoykammen-gallery-1.jpg,https://unsplash.com/photos/EtyM-1QHFmE,Unsplash License
offersoykammen-gallery-2.jpg,https://unsplash.com/photos/OjCjQQWrzuU,Unsplash License
offersoykammen-gallery-3.jpg,https://unsplash.com/photos/KjMTWoXkJzQ,Unsplash License
tjeldbergtind-hero.jpg,https://unsplash.com/photos/rmyatHqpuOQ,Unsplash License
tjeldbergtind-gallery-1.jpg,https://unsplash.com/photos/FAe3hhcBJmA,Unsplash License
tjeldbergtind-gallery-2.jpg,https://unsplash.com/photos/hv47TtkT3jo,Unsplash License
tjeldbergtind-gallery-3.jpg,https://unsplash.com/photos/CqPkZP-8Q8w,Unsplash License
himmeltindan-hero.jpg,https://unsplash.com/photos/OrpV5CjKAtk,Unsplash License
himmeltindan-gallery-1.jpg,https://unsplash.com/photos/sbRCbTV0uyg,Unsplash License
himmeltindan-gallery-2.jpg,https://unsplash.com/photos/V8E54JQcBmg,Unsplash License
himmeltindan-gallery-3.jpg,https://unsplash.com/photos/OjCjQQWrzuU,Unsplash License
mannen-hero.jpg,https://unsplash.com/photos/EtyM-1QHFmE,Unsplash License
mannen-gallery-1.jpg,https://unsplash.com/photos/OrpV5CjKAtk,Unsplash License
mannen-gallery-2.jpg,https://unsplash.com/photos/V8E54JQcBmg,Unsplash License
mannen-gallery-3.jpg,https://unsplash.com/photos/f_WKWYUGvxo,Unsplash License
munken-hero.jpg,https://unsplash.com/photos/RuCr7mVTiUg,Unsplash License
munken-gallery-1.jpg,https://unsplash.com/photos/Dptk4piJ-tQ,Unsplash License
munken-gallery-2.jpg,https://unsplash.com/photos/HfrDdaCEMn4,Unsplash License
munken-gallery-3.jpg,https://unsplash.com/photos/sbRCbTV0uyg,Unsplash License
